Project Name,Modified,Active,Launch Date,Launch status,Other comments,Pipeline,BU,Company,Category,Brand,Exp Rev 2026 (M AED),Exp.Rev. 24 months (M AED),Product code,Code creation date,Target Project Monthly Net Sales (NR) (M AED),Actuals Monthly Net Sales (NR) (M AED),Target Project Monthly Net Sales (Volume),Actuals Monthly Net Sales (Volume),Project Month Target GP (M AED),Actuals Month GP (M AED),Project Month Target NP (M AED),Actuals Month NP (M AED),YTD Target Project Net Sales (NR) (M AED),YTD Actuals Net Sales (NR) (M AED),YTD Target Project Sales (Volume),YTD Actuals Sales (Volume),YTD Project Target GP (M AED),YTD Actuals GP (M AED),YTD Project Target NP (M AED),YTD Actuals NP (M AED),Modified By
Atyab Chicken breaded strips (FS),06-10-2026 04:40,True,01-01-2025,True,,Pipeline 2025,Protein & Frozen,Atyab,Breaded,Atyab,0.0,0.1,11490,,0.88,1.12,,91.58,,,,,0.79,4.93,,405.64,,,,,Maged Galal
Atyab Spicy breaded chicken strips (FS),06-10-2026 04:40,True,01-01-2025,True,,Pipeline 2025,Protein & Frozen,Atyab,Breaded,Atyab,0.0,0.1,11491,,0.5,0.68,,54.9,,,,,0.56,2.79,,229.03,,,,,Maged Galal
Subway Cooked Grilled Chicken Breast Patty,06-10-2026 00:12,True,8/14/2025,True,Alternative in-house recipe due to created to overcome delay in delivery the related seasoning order,Pipeline 2025,Protein & Frozen,Nabil,Chicken product,Nabil,1.72,0.0,FGF10367,8/14/2025,0.0,0.65,,,,,,,0.0,2.59,,,,,,,Mo’men Mafalha
Juniros - Beef Patty 150 gm,06-10-2026 00:12,True,11-04-2025,True,,Pipeline 2025,Protein & Frozen,Nabil,Beef product,QSR Private Label Key Account,0.87,0.0,FGF12484,,0.0,0.39,,,,,,,0.0,0.73,,,,,,,Mo’men Mafalha
Nabil Spicy crunchy Chicken Patty 137 gm,06-10-2026 00:12,True,6/30/2024,True,,2023 + 2024,Protein & Frozen,Nabil,Breaded,Nabil,0.51,0.0,FGF12372,01-06-2024,0.05,0.15,,,,,,,0.02,0.33,,,,,,,Mo’men Mafalha
NP25-13 ansari beef burger 112.5g,06-10-2026 00:12,True,7/15/2025,True,,Pipeline 2025,Protein & Frozen,Nabil,Beef product,Nabil,0.07,0.0,FGF12465,,0.0,0.15,,,,,,,0.0,0.3,,,,,,,Mo’men Mafalha
Meatland Luncheon Reformulation,06-10-2026 05:18,True,12-05-2024,True,This product provided income this year but is now zero sales,2023 + 2024,Protein & Frozen,Atyab,Cold Cuts,Meatland,1.3,0.0,"31700,31701,31702,31703",,0.07,0.11,,8.33,,,,,0.18,0.53,,41.75,,,,,Maged Galal
Juniros - Cooked Chicken Fillet 1 KG - R,06-10-2026 00:12,True,1/31/2026,True,,Pipeline 2026,Protein & Frozen,Nabil,Chicken product,QSR Private Label Key Account,0.0,0.0,FGF12487,,0.0,0.07,,,,,,,0.0,0.24,,,,,,,Mo’men Mafalha
Juniros - Cooked Spicy Chicken Fillet 1 KG - R,06-10-2026 00:12,True,1/31/2026,True,,Pipeline 2026,Protein & Frozen,Nabil,Chicken product,QSR Private Label Key Account,0.0,0.0,FGF12486,,0.0,0.07,,,,,,,0.0,0.19,,,,,,,Mo’men Mafalha
Buffalo Pure Minced Beef Meat Roll 1 KG,06-10-2026 00:12,True,03-02-2025,True,,Pipeline 2025,Protein & Frozen,Nabil,Beef product,Nabil,0.27,0.0,FGF12446,03-02-2025,0.1,0.06,,,,,,,0.01,0.22,,,,,,,Mo’men Mafalha
Chapatti Crunchy patty 1.1 Kg,06-10-2026 00:12,True,1/28/2025,True,SKU Cancelled,Pipeline 2025,Protein & Frozen,Nabil,Breaded,Nabil,0.59,0.0,FGF12428,1/28/2025,0.0,0.06,,,,,,,0.0,0.31,,,,,,,Mo’men Mafalha
Chickitita Luncheon,06-10-2026 04:40,True,01-01-2025,True,,Pipeline 2025,Protein & Frozen,Atyab,Cold Cuts,Chikitita,0.7,0.0,41825,,0.06,0.05,,4.6,,,,,0.06,0.23,,23.91,,,,,Maged Galal
Firefly Cooked breaded chicken tender,06-10-2026 00:12,True,12-10-2025,True,,Pipeline 2025,Protein & Frozen,Nabil,Breaded,Nabil,0.13,0.0,FGF12461,,0.0,0.05,,,,,,,0.0,0.12,,,,,,,Mo’men Mafalha
Breaded Chicken Chunks,06-10-2026 04:40,True,08-01-2025,True,,Pipeline 2025,Protein & Frozen,Atyab,Breaded,Atyab,0.01,0.0,11428,,0.0,0.04,,2.09,,,,,0.0,0.15,,7.95,,,,,Maged Galal
25-32 ansari tempura burger 55g,06-10-2026 00:12,True,5/25/2025,True,,Pipeline 2025,Protein & Frozen,Nabil,Breaded,Nabil,0.45,0.0,FGF12459,5/13/2025,0.0,0.04,,,,,,,0.0,0.09,,,,,,,Mo’men Mafalha
Nabil Chicken Breast Cubes 750 gm,06-10-2026 00:12,True,7/21/2024,True,,2023 + 2024,Protein & Frozen,Nabil,Chicken product,Nabil,0.24,0.0,FGF12385,2/21/2024,0.0,0.03,,,,,,,0.0,0.04,,,,,,,Mo’men Mafalha
Chickitita Spicy Drumsticks,06-10-2026 04:40,True,01-01-2025,True,This product provided income this year but is now zero sales,Pipeline 2025,Protein & Frozen,Atyab,Breaded,Chikitita,0.0,0.0,41613,,0.02,0.03,,3.58,,,,,0.01,0.08,,8.2,,,,,Maged Galal
Buffalo Sauce Breaded Chicken Chunks,06-10-2026 04:40,True,09-01-2025,True,,Pipeline 2025,Protein & Frozen,Atyab,Breaded,Atyab,0.0,0.0,11430,,0.0,0.03,,1.83,,,,,0.0,0.16,,8.33,,,,,Maged Galal
Nabil beef burger 80 gm - 2 Kg,06-10-2026 00:12,True,11/19/2024,True,,2023 + 2024,Protein & Frozen,Nabil,Beef product,Nabil,0.08,0.0,FGF12415,11/19/2024,0.02,0.02,,,,,,,0.01,0.06,,,,,,,Mo’men Mafalha
Nabil Chicken Cordon Bleu with Jalapeno 700 gm,06-10-2026 00:12,True,06-01-2024,True,"out of stock related raw material/ demand of Jalapeno range higher than forecast, especially presented new items for Food Service",2023 + 2024,Protein & Frozen,Nabil,Breaded,Nabil,0.12,0.0,FGF12310,05-11-2023,0.03,0.02,,,,,,,0.1,0.14,,,,,,,Mo’men Mafalha
Buffalo Wings and Rings Plain Beef Julian,06-10-2026 00:12,True,03-10-2026,True,,Pipeline 2026,Protein & Frozen,Nabil,Beef product,Nabil,0.0,0.0,FGF12472,,0.0,0.02,,,,,,,0.0,0.05,,,,,,,Mo’men Mafalha
Chili Lime Breaded Chicken Chunks,06-10-2026 04:40,True,09-01-2025,True,,Pipeline 2025,Protein & Frozen,Atyab,Breaded,Atyab,0.0,0.0,11429,,0.0,0.02,,0.86,,,,,0.0,0.08,,4.3,,,,,Maged Galal
Hot Honey Breaded Chicken Chunks,06-10-2026 05:17,True,09-01-2025,True,,Pipeline 2025,Protein & Frozen,Atyab,Breaded,Atyab,0.0,0.0,11431,,0.0,0.02,,1.17,,,,,0.0,0.11,,5.61,,,,,Maged Galal
Alice - Beef burger 150 g,06-10-2026 00:12,True,01-06-2026,True,,Pipeline 2026,Protein & Frozen,Nabil,Beef product,QSR Private Label Key Account,0.04,0.0,FGF12496,,0.0,0.02,,,,,,,0.0,0.05,,,,,,,Mo’men Mafalha
Chapatti spicy Crunchy patty 1.1 Kg,06-10-2026 00:12,True,1/28/2025,True,SKU Cancelled,Pipeline 2025,Protein & Frozen,Nabil,Breaded,Nabil,0.03,0.0,FGF12427,1/28/2025,0.0,0.01,,,,,,,0.0,0.06,,,,,,,Mo’men Mafalha
Nabil Crispy Chicken Chunk with Jalapeno 750 gm,06-10-2026 00:12,True,06-11-2024,True,,2023 + 2024,Protein & Frozen,Nabil,Breaded,Nabil,0.17,0.0,FGF12311,05-11-2023,0.16,0.01,,,,,,,0.01,0.05,,,,,,,Mo’men Mafalha
Nabil mild spicy crunchy patty 1.1 Kg,06-10-2026 00:12,True,1/13/2025,True,,Pipeline 2025,Protein & Frozen,Nabil,Breaded,Nabil,0.28,0.0,FGF12420,1/13/2025,0.01,0.01,,,,,,,0.0,0.1,,,,,,,Mo’men Mafalha
Nabil tempura chicken escalope 900 gm,06-10-2026 00:12,True,1/29/2025,True,,Pipeline 2025,Protein & Frozen,Nabil,Breaded,Nabil,0.28,0.0,FGF12409,10/29/2024,0.03,0.01,,,,,,,0.03,0.05,,,,,,,Mo’men Mafalha
25-19 Al Mona Restaurant Management Roast Chicken Patty Oval,06-10-2026 00:12,True,7/15/2025,True,,Pipeline 2025,Protein & Frozen,Nabil,Chicken product,Nabil,0.05,0.0,FGF12463,6/22/2025,0.0,0.01,,,,,,,0.0,0.03,,,,,,,Mo’men Mafalha
Fortified Nuggets,06-09-2026 01:12,True,12/31/2025,True,,Pipeline 2025,Protein & Frozen,Nabil,Breaded,Nabil,0.05,0.0,,12/31/2025,0.0,0.0,,,,,,,0.0,0.0,,,,,,,Osama Abu Laila
Cheddar Balls 1 kg,06-09-2026 01:12,True,12/31/2025,True,There are no sales recorded yet for this item.,Pipeline 2025,Protein & Frozen,Nabil,Breaded,Nabil,0.07,0.0,FGF12357,12/31/2025,0.0,0.0,,,,,,,0.0,0.0,,,,,,,Osama Abu Laila
Cheesy Strips,06-09-2026 01:12,True,12/31/2025,True,There are no sales recorded yet for this item.,Pipeline 2025,Protein & Frozen,Nabil,Breaded,Nabil,0.05,0.0,FGF12328,12/31/2025,0.0,0.0,,,,,,,0.0,0.0,,,,,,,Osama Abu Laila
Premium Escalope,06-09-2026 01:12,True,12/31/2025,True,,Pipeline 2025,Protein & Frozen,Nabil,Breaded,Nabil,0.0,0.0,,12/31/2025,0.0,0.0,,,,,,,0.0,0.0,,,,,,,Osama Abu Laila
Premium Chunks,06-09-2026 01:13,True,12/31/2025,True,,Pipeline 2025,Protein & Frozen,Nabil,Breaded,Nabil,0.0,0.0,,12/31/2025,0.0,0.0,,,,,,,0.0,0.0,,,,,,,Osama Abu Laila
FF unflatten beef burger 90 gm,06-09-2026 01:13,True,11-09-2024,True,There are no sales recorded yet for this item.,2023 + 2024,Protein & Frozen,Nabil,Beef product,Nabil,0.01,0.0,FGF12408,10-09-2024,0.0,0.0,,,,,,,0.0,0.0,,,,,,,Osama Abu Laila
Lurinzo cooked beef con carne 1 Kg,06-09-2026 01:13,True,1/19/2025,True,There are no sales recorded yet for this item.,Pipeline 2025,Protein & Frozen,Nabil,Beef product,Nabil,0.0,0.0,FGF12422,1/19/2025,0.01,0.0,,,,,,,0.0,0.0,,,,,,,Osama Abu Laila
Nabil Crunchy Cheesy Strips 600 gm,06-10-2026 00:12,True,09-01-2024,True,,2023 + 2024,Protein & Frozen,Nabil,Breaded,Nabil,0.03,0.0,FGF12328,7/31/2023,0.01,0.0,,,,,,,0.0,0.01,,,,,,,Mo’men Mafalha
Nabil sliced dry beef pepperoni cal 45 - 1 Kg,06-10-2026 00:12,True,01-09-2025,True,,Pipeline 2025,Protein & Frozen,Nabil,Breaded,Nabil,0.52,0.0,FGF12418,01-09-2025,0.0,0.0,,,,,,,0.08,0.08,,,,,,,Mo’men Mafalha
Nabil tempura chicken escalope 450 gm,06-09-2026 01:15,True,1/29/2025,True,There are no sales recorded yet for this item.,Pipeline 2025,Protein & Frozen,Nabil,Breaded,Nabil,0.04,0.0,FGF12410,10/29/2024,0.03,0.0,,,,,,,0.0,0.0,,,,,,,Osama Abu Laila
Atyab Chicken breaded chunks (FS),06-03-2026 00:43,True,01-01-2025,True,This product provided income this year but is still zero sales this month,Pipeline 2025,Protein & Frozen,Atyab,Breaded,Atyab,0.0,0.1,,,0.0,0.0,,,,,,,0.0,0.0,,,,,,,Daniel Perez
Chickitita Drumsticks,06-10-2026 04:40,True,01-01-2025,True,,Pipeline 2025,Protein & Frozen,Atyab,Breaded,Chikitita,2.2,0.0,41612,,0.05,0.0,,0.05,,,,,0.05,0.13,,13.83,,,,,Maged Galal
Cold Cuts (Press Beef),06-10-2026 04:42,True,01-01-2025,True,This product didnt provide income this year,Pipeline 2025,Protein & Frozen,Atyab,Cold Cuts,Atyab,0.0,0.1,21663,,0.0,0.0,,0.0,,,,,0.0,0.0,,0.0,,,,,Maged Galal
Cold Cuts (Roast Beef),06-03-2026 00:43,True,01-01-2025,True,This product didnt provide income this year,Pipeline 2025,Protein & Frozen,Atyab,Cold Cuts,Atyab,0.0,0.1,21664,,0.0,0.0,,,,,,,0.0,0.0,,,,,,,Daniel Perez
Cold Cuts (Roast Turkey),06-03-2026 00:43,True,01-01-2025,True,This product didnt provide income this year,Pipeline 2025,Protein & Frozen,Atyab,Cold Cuts,Atyab,0.0,0.1,21670,,0.0,0.0,,,,,,,0.0,0.0,,,,,,,Daniel Perez
Cold Cuts (Turkey Lobes),06-10-2026 05:15,True,01-01-2025,True,This product provided income this year but is now zero sales,Pipeline 2025,Protein & Frozen,Atyab,Cold Cuts,Atyab,0.18,0.1,21672,,0.0,0.0,,0.0,,,,,0.0,0.0,,0.14,,,,,Maged Galal
Chicken Mortadella With Black Pepper 2.5 KG - Iraq,06-09-2026 01:15,True,6/25/2025,True,There are no sales recorded yet for this item.,Pipeline 2025,Protein & Frozen,Nabil,Breaded,Nabil,0.0,0.0,,04-08-2025,0.0,0.0,,,,,,,0.0,0.0,,,,,,,Osama Abu Laila
Chicken Mortadella With Olives 2.5 KG - Iraq,06-09-2026 01:15,True,6/25/2025,True,There are no sales recorded yet for this item.,Pipeline 2025,Protein & Frozen,Nabil,Breaded,Nabil,0.0,0.0,,04-08-2025,0.0,0.0,,,,,,,0.0,0.0,,,,,,,Osama Abu Laila
Chicken Mortadella With Vegetables 2.5 KG - Iraq,06-09-2026 01:15,True,6/25/2025,True,There are no sales recorded yet for this item.,Pipeline 2025,Protein & Frozen,Nabil,Breaded,Nabil,0.0,0.0,,04-08-2025,0.0,0.0,,,,,,,0.0,0.0,,,,,,,Osama Abu Laila
Cold Cuts (Beef Bacon),06-10-2026 04:41,True,12/31/2024,True,This product didnt provide income this year,2023 + 2024,Protein & Frozen,Atyab,Cold Cuts,Atyab,0.0,0.1,21671,,0.0,0.0,,0.0,,,,,0.0,0.0,,0.0,,,,,Maged Galal
Jasmis beef burger 110 gm,06-09-2026 01:16,True,10/31/2024,True,There are no sales recorded yet for this item.,2023 + 2024,Protein & Frozen,Nabil,Breaded,Nabil,0.0,0.7,FGF12411,10/31/2024,0.0,0.0,,,,,,,0.0,0.0,,,,,,,Osama Abu Laila
KBW Beef Burger 150 gm,06-10-2026 00:12,True,4/20/2025,True,There are no sales recorded yet for this item.,Pipeline 2025,Protein & Frozen,Nabil,Beef product,Nabil,0.7,0.0,FGF12454,4/20/2025,0.0,0.0,,,,,,,0.0,0.0,,,,,,,Mo’men Mafalha
KBW Beef Burger 45 gm,06-09-2026 01:17,True,4/20/2025,True,There are no sales recorded yet for this item.,Pipeline 2025,Protein & Frozen,Nabil,Beef product,Nabil,0.3,0.0,FGF12453,4/20/2025,0.0,0.0,,,,,,,0.0,0.0,,,,,,,Osama Abu Laila
KBW Crunchy Chicken 1.1 KG,06-09-2026 01:26,True,4/20/2025,True,There are no sales recorded yet for this item.,Pipeline 2025,Protein & Frozen,Nabil,Breaded,Nabil,0.2,0.0,FGF12455,4/20/2025,0.0,0.0,,,,,,,0.0,0.0,,,,,,,Osama Abu Laila
KBW Tempura Chicken Burger 1 KG,06-09-2026 01:25,True,4/20/2025,True,There are no sales recorded yet for this item.,Pipeline 2025,Protein & Frozen,Nabil,Breaded,Nabil,0.13,0.0,,4/20/2025,0.0,0.0,,,,,,,0.0,0.0,,,,,,,Osama Abu Laila
KBW Tempura Chicken Nugget 1 KG,06-09-2026 01:25,True,4/20/2025,True,There are no sales recorded yet for this item.,Pipeline 2025,Protein & Frozen,Nabil,Breaded,Nabil,0.7,0.0,FGF12457,4/20/2025,0.0,0.0,,,,,,,0.0,0.0,,,,,,,Osama Abu Laila
Nabil baffulo chicken chunk 1 KG,06-09-2026 01:25,True,10/31/2024,True,,2023 + 2024,Protein & Frozen,Nabil,Breaded,Nabil,0.02,0.1,,10/31/2024,0.0,0.0,,,,,,,0.0,0.0,,,,,,,Osama Abu Laila
Nabil baffulo chicken chunk 750 gm,06-10-2026 00:12,True,10/31/2024,True,,2023 + 2024,Protein & Frozen,Nabil,Breaded,Nabil,0.09,0.1,FGF12413,10/31/2024,0.0,0.0,,,,,,,0.0,0.05,,,,,,,Mo’men Mafalha
Nabil Beef Hotdog 17 CM 1 KG,06-09-2026 01:25,True,5/25/2025,True,There are no sales recorded yet for this item.,Pipeline 2025,Protein & Frozen,Nabil,Cold Cuts,Nabil,0.06,0.0,FGF12452,04-08-2025,0.0,0.0,,,,,,,0.0,0.0,,,,,,,Osama Abu Laila
Nabil Sliced dry beef salami cal 80 - 0.5 Kg,06-09-2026 01:27,True,01-09-2025,True,There are no sales recorded yet for this item.,Pipeline 2025,Protein & Frozen,Nabil,Breaded,Nabil,0.0,0.0,,01-09-2025,0.0,0.0,,,,,,,0.0,0.0,,,,,,,Osama Abu Laila
MC Beef Slice bacon 350 gm,06-09-2026 01:27,True,11-05-2024,True,There are no sales recorded yet for this item. since LTO,2023 + 2024,Protein & Frozen,Nabil,Cold Cuts,Nabil,0.0,0.0,FGF12407,09-05-2024,0.0,0.0,,,,,,,0.0,0.0,,,,,,,Osama Abu Laila
MC diced beef bacon 500 gm,06-10-2026 00:12,True,01-06-2025,True,This product provided income this year but is now zero sales,Pipeline 2025,Protein & Frozen,Nabil,Cold Cuts,Nabil,0.0,0.0,FGF12417,01-06-2025,0.0,0.0,,,,,,,0.0,0.38,,,,,,,Mo’men Mafalha
Papa Jones Grilled Chicken Strips,06-03-2026 00:40,True,6/25/2025,True,YTD return of AED 0.006M & Zero this month,Pipeline 2025,Protein & Frozen,Atyab,FPP,Atyab,0.0,0.0,11462,,0.07,0.0,,0.0,,,,,0.0,-0.01,,0.0,,,,,Daniel Perez
Cooked Jalapeno Crispy Chicken Patty 1.12 KG,06-10-2026 00:12,True,6/25/2025,True,There are no sales recorded yet for this item.,Pipeline 2025,Protein & Frozen,Nabil,Breaded,Nabil,0.0,0.0,FGF12462,6/25/2025,0.0,0.0,,,,,,,0.0,0.0,,,,,,,Mo’men Mafalha
25-14 Aldahow cheddar jalapeno sambousik,06-09-2026 01:19,True,10-01-2025,True,,Pipeline 2025,Protein & Frozen,Nabil,Appetizers,Nabil,0.06,0.0,,,0.0,0.0,,,,,,,0.0,0.0,,,,,,,Osama Abu Laila
25-36 ansari cheese sticks,06-10-2026 00:12,True,01-01-2026,True,,Pipeline 2026,Protein & Frozen,Nabil,Breaded,Nabil,0.09,0.0,FGF12477,10/20/2025,0.0,0.0,,,,,,,0.0,0.05,,,,,,,Mo’men Mafalha
25-33 Nabil tempura burger 55g,06-10-2026 00:12,True,5/26/2025,True,,Pipeline 2025,Protein & Frozen,Nabil,Breaded,Nabil,0.53,0.0,FGF12458,5/13/2025,0.0,0.0,,,,,,,0.0,0.11,,,,,,,Mo’men Mafalha
Beef Bacon,06-09-2026 01:26,True,06-03-2025,True,,Pipeline 2025,Protein & Frozen,Nabil,Cold Cuts,Nabil,0.06,0.0,WIP10010,06-03-2025,0.0,0.0,,,,,,,0.0,0.0,,,,,,,Osama Abu Laila
Cheese spring roll halloumi,06-10-2026 00:12,True,2/20/2025,True,,Pipeline 2025,Protein & Frozen,Nabil,Appetizers,Nabil,0.0,0.0,FGF11615,2/20/2025,0.0,0.0,,,,,,,0.0,0.08,,,,,,,Mo’men Mafalha
Firefly Uncooked shish chicken breast,06-10-2026 00:12,True,2/26/2026,True,,Pipeline 2026,Protein & Frozen,Nabil,Chicken product,Nabil,0.21,0.0,FGF12460,,0.0,0.0,,,,,,,0.0,0.01,,,,,,,Mo’men Mafalha
DP Cooked seasoned chicken wings,06-10-2026 00:12,True,02-03-2025,True,There are no sales recorded yet for this item.,Pipeline 2025,Protein & Frozen,Nabil,Chicken product,Nabil,0.0,0.0,FGF11693,02-03-2025,0.0,0.0,,,,,,,0.0,0.0,,,,,,,Mo’men Mafalha
Subway Beef pepperoni - Fully cooked,06-10-2026 00:12,True,2/20/2025,True,There are no sales recorded yet for this item.,Pipeline 2025,Protein & Frozen,Nabil,Beef product,Nabil,0.0,0.0,FGF10045,02-02-2025,0.0,0.0,,,,,,,0.0,0.0,,,,,,,Mo’men Mafalha
Chapatti Tempura Chicken Burger 80 g,06-09-2026 01:21,True,10/22/2025,True,There are no sales recorded yet for this item.,Pipeline 2025,Protein & Frozen,Nabil,Breaded,Nabil,0.0,0.0,FGF12480,,0.0,0.0,,,,,,,0.0,0.0,,,,,,,Osama Abu Laila
Eco beef pepperoni,06-10-2026 00:12,True,10/22/2025,True,There are no sales recorded yet for this item.,Pipeline 2025,Protein & Frozen,Nabil,Cold Cuts,Nabil,0.0,0.0,FGF12479,,0.0,0.0,,,,,,,0.0,0.0,,,,,,,Mo’men Mafalha
NP25-64 swish spicy tempura chicken nugget,06-09-2026 01:26,True,10-01-2025,True,There are no sales recorded yet for this item.,Pipeline 2025,Protein & Frozen,Nabil,Breaded,Nabil,0.14,0.0,FGF12473,,0.0,0.0,,,,,,,0.0,0.0,,,,,,,Osama Abu Laila
NP24-106 MC beef kufta 10:1,06-09-2026 01:22,True,1/19/2025,True,There are no sales recorded yet for this item.,Pipeline 2025,Protein & Frozen,Nabil,Beef product,Nabil,0.0,0.0,,,0.0,0.0,,,,,,,0.0,0.0,,,,,,,Osama Abu Laila
NP25-58 hot restaurant beef burger 150g,06-09-2026 01:22,True,01-10-2026,True,There are no sales recorded yet for this item.,Pipeline 2026,Protein & Frozen,Nabil,Beef product,Nabil,0.0,0.0,FGF12474,,0.0,0.0,,,,,,,0.0,0.0,,,,,,,Osama Abu Laila
Breaded Fish Finger 1 KG,06-10-2026 00:12,True,10/16/2025,True,There are no sales recorded yet for this item.,Pipeline 2025,Protein & Frozen,Nabil,Others,Nabil,0.08,0.0,FGT11188,,0.0,0.0,,,,,,,0.0,0.0,,,,,,,Mo’men Mafalha
Nabil - Oriental beef kufta,06-09-2026 01:24,True,02-04-2026,True,There are no sales recorded yet for this item.,Pipeline 2026,Protein & Frozen,Nabil,Beef product,Nabil,0.1,0.0,FGF12501,,0.0,0.0,,,,,,,0.0,0.0,,,,,,,Osama Abu Laila
Ashrafs - Cordon Bleu with Turkey roast and Cheddar cheese,06-09-2026 01:25,True,12/16/2025,True,There are no sales recorded yet for this item.,Pipeline 2025,Protein & Frozen,Nabil,Chicken product,QSR Private Label Key Account,0.0,0.0,FGF12499,,0.0,0.0,,,,,,,0.0,0.0,,,,,,,Osama Abu Laila
Qaysar - Chicken strips with lemon and pepper,06-10-2026 00:12,True,3/19/2026,True,,Pipeline 2026,Protein & Frozen,Nabil,Chicken product,QSR Private Label Key Account,0.0,0.0,FGF12502,,0.0,-0.23,,,,,,,0.0,0.01,,,,,,,Mo’men Mafalha
